task_id,family_id,model_family,trial_id,trial_order,view,rung_samples,matched_qubits,effective_qubits,candidate_role,execution_status
C01-T01__primary__full,C01,ridge_elastic_net,C01-T01,1,primary,,,,primary_candidate,blocked_pending_d005_acceptance
C01-T02__primary__full,C01,ridge_elastic_net,C01-T02,2,primary,,,,primary_candidate,blocked_pending_d005_acceptance
C01-T03__primary__full,C01,ridge_elastic_net,C01-T03,3,primary,,,,primary_candidate,blocked_pending_d005_acceptance
C01-T04__primary__full,C01,ridge_elastic_net,C01-T04,4,primary,,,,primary_candidate,blocked_pending_d005_acceptance
C01-T05__primary__full,C01,ridge_elastic_net,C01-T05,5,primary,,,,primary_candidate,blocked_pending_d005_acceptance
C01-T06__primary__full,C01,ridge_elastic_net,C01-T06,6,primary,,,,primary_candidate,blocked_pending_d005_acceptance
C01-T07__primary__full,C01,ridge_elastic_net,C01-T07,7,primary,,,,primary_candidate,blocked_pending_d005_acceptance
C01-T08__primary__full,C01,ridge_elastic_net,C01-T08,8,primary,,,,primary_candidate,blocked_pending_d005_acceptance
C01-T09__primary__full,C01,ridge_elastic_net,C01-T09,9,primary,,,,primary_candidate,blocked_pending_d005_acceptance
C01-T10__primary__full,C01,ridge_elastic_net,C01-T10,10,primary,,,,primary_candidate,blocked_pending_d005_acceptance
C01-T11__primary__full,C01,ridge_elastic_net,C01-T11,11,primary,,,,primary_candidate,blocked_pending_d005_acceptance
C01-T12__primary__full,C01,ridge_elastic_net,C01-T12,12,primary,,,,primary_candidate,blocked_pending_d005_acceptance
C01-T13__primary__full,C01,ridge_elastic_net,C01-T13,13,primary,,,,primary_candidate,blocked_pending_d005_acceptance
C01-T14__primary__full,C01,ridge_elastic_net,C01-T14,14,primary,,,,primary_candidate,blocked_pending_d005_acceptance
C01-T15__primary__full,C01,ridge_elastic_net,C01-T15,15,primary,,,,primary_candidate,blocked_pending_d005_acceptance
C01-T16__primary__full,C01,ridge_elastic_net,C01-T16,16,primary,,,,primary_candidate,blocked_pending_d005_acceptance
C01-T17__primary__full,C01,ridge_elastic_net,C01-T17,17,primary,,,,primary_candidate,blocked_pending_d005_acceptance
C01-T18__primary__full,C01,ridge_elastic_net,C01-T18,18,primary,,,,primary_candidate,blocked_pending_d005_acceptance
C01-T19__primary__full,C01,ridge_elastic_net,C01-T19,19,primary,,,,primary_candidate,blocked_pending_d005_acceptance
C01-T20__primary__full,C01,ridge_elastic_net,C01-T20,20,primary,,,,primary_candidate,blocked_pending_d005_acceptance
C01-T21__primary__full,C01,ridge_elastic_net,C01-T21,21,primary,,,,primary_candidate,blocked_pending_d005_acceptance
C01-T22__primary__full,C01,ridge_elastic_net,C01-T22,22,primary,,,,primary_candidate,blocked_pending_d005_acceptance
C01-T23__primary__full,C01,ridge_elastic_net,C01-T23,23,primary,,,,primary_candidate,blocked_pending_d005_acceptance
C01-T24__primary__full,C01,ridge_elastic_net,C01-T24,24,primary,,,,primary_candidate,blocked_pending_d005_acceptance
C01-T25__primary__full,C01,ridge_elastic_net,C01-T25,25,primary,,,,primary_candidate,blocked_pending_d005_acceptance
C01-T26__primary__full,C01,ridge_elastic_net,C01-T26,26,primary,,,,primary_candidate,blocked_pending_d005_acceptance
C01-T27__primary__full,C01,ridge_elastic_net,C01-T27,27,primary,,,,primary_candidate,blocked_pending_d005_acceptance
C01-T28__primary__full,C01,ridge_elastic_net,C01-T28,28,primary,,,,primary_candidate,blocked_pending_d005_acceptance
C01-T29__primary__full,C01,ridge_elastic_net,C01-T29,29,primary,,,,primary_candidate,blocked_pending_d005_acceptance
C01-T30__primary__full,C01,ridge_elastic_net,C01-T30,30,primary,,,,primary_candidate,blocked_pending_d005_acceptance
C02-T01__primary__full,C02,extra_trees,C02-T01,1,primary,,,,primary_candidate,blocked_pending_d005_acceptance
C02-T02__primary__full,C02,extra_trees,C02-T02,2,primary,,,,primary_candidate,blocked_pending_d005_acceptance
C02-T03__primary__full,C02,extra_trees,C02-T03,3,primary,,,,primary_candidate,blocked_pending_d005_acceptance
C02-T04__primary__full,C02,extra_trees,C02-T04,4,primary,,,,primary_candidate,blocked_pending_d005_acceptance
C02-T05__primary__full,C02,extra_trees,C02-T05,5,primary,,,,primary_candidate,blocked_pending_d005_acceptance
C02-T06__primary__full,C02,extra_trees,C02-T06,6,primary,,,,primary_candidate,blocked_pending_d005_acceptance
C02-T07__primary__full,C02,extra_trees,C02-T07,7,primary,,,,primary_candidate,blocked_pending_d005_acceptance
C02-T08__primary__full,C02,extra_trees,C02-T08,8,primary,,,,primary_candidate,blocked_pending_d005_acceptance
C02-T09__primary__full,C02,extra_trees,C02-T09,9,primary,,,,primary_candidate,blocked_pending_d005_acceptance
C02-T10__primary__full,C02,extra_trees,C02-T10,10,primary,,,,primary_candidate,blocked_pending_d005_acceptance
C02-T11__primary__full,C02,extra_trees,C02-T11,11,primary,,,,primary_candidate,blocked_pending_d005_acceptance
C02-T12__primary__full,C02,extra_trees,C02-T12,12,primary,,,,primary_candidate,blocked_pending_d005_acceptance
C02-T13__primary__full,C02,extra_trees,C02-T13,13,primary,,,,primary_candidate,blocked_pending_d005_acceptance
C02-T14__primary__full,C02,extra_trees,C02-T14,14,primary,,,,primary_candidate,blocked_pending_d005_acceptance
C02-T15__primary__full,C02,extra_trees,C02-T15,15,primary,,,,primary_candidate,blocked_pending_d005_acceptance
C02-T16__primary__full,C02,extra_trees,C02-T16,16,primary,,,,primary_candidate,blocked_pending_d005_acceptance
C02-T17__primary__full,C02,extra_trees,C02-T17,17,primary,,,,primary_candidate,blocked_pending_d005_acceptance
C02-T18__primary__full,C02,extra_trees,C02-T18,18,primary,,,,primary_candidate,blocked_pending_d005_acceptance
C02-T19__primary__full,C02,extra_trees,C02-T19,19,primary,,,,primary_candidate,blocked_pending_d005_acceptance
C02-T20__primary__full,C02,extra_trees,C02-T20,20,primary,,,,primary_candidate,blocked_pending_d005_acceptance
C02-T21__primary__full,C02,extra_trees,C02-T21,21,primary,,,,primary_candidate,blocked_pending_d005_acceptance
C02-T22__primary__full,C02,extra_trees,C02-T22,22,primary,,,,primary_candidate,blocked_pending_d005_acceptance
C02-T23__primary__full,C02,extra_trees,C02-T23,23,primary,,,,primary_candidate,blocked_pending_d005_acceptance
C02-T24__primary__full,C02,extra_trees,C02-T24,24,primary,,,,primary_candidate,blocked_pending_d005_acceptance
C02-T25__primary__full,C02,extra_trees,C02-T25,25,primary,,,,primary_candidate,blocked_pending_d005_acceptance
C02-T26__primary__full,C02,extra_trees,C02-T26,26,primary,,,,primary_candidate,blocked_pending_d005_acceptance
C02-T27__primary__full,C02,extra_trees,C02-T27,27,primary,,,,primary_candidate,blocked_pending_d005_acceptance
C02-T28__primary__full,C02,extra_trees,C02-T28,28,primary,,,,primary_candidate,blocked_pending_d005_acceptance
C02-T29__primary__full,C02,extra_trees,C02-T29,29,primary,,,,primary_candidate,blocked_pending_d005_acceptance
C02-T30__primary__full,C02,extra_trees,C02-T30,30,primary,,,,primary_candidate,blocked_pending_d005_acceptance
C03-T01__primary__full,C03,histogram_gradient_boosting,C03-T01,1,primary,,,,primary_candidate,blocked_pending_d005_acceptance
C03-T02__primary__full,C03,histogram_gradient_boosting,C03-T02,2,primary,,,,primary_candidate,blocked_pending_d005_acceptance
C03-T03__primary__full,C03,histogram_gradient_boosting,C03-T03,3,primary,,,,primary_candidate,blocked_pending_d005_acceptance
C03-T04__primary__full,C03,histogram_gradient_boosting,C03-T04,4,primary,,,,primary_candidate,blocked_pending_d005_acceptance
C03-T05__primary__full,C03,histogram_gradient_boosting,C03-T05,5,primary,,,,primary_candidate,blocked_pending_d005_acceptance
C03-T06__primary__full,C03,histogram_gradient_boosting,C03-T06,6,primary,,,,primary_candidate,blocked_pending_d005_acceptance
C03-T07__primary__full,C03,histogram_gradient_boosting,C03-T07,7,primary,,,,primary_candidate,blocked_pending_d005_acceptance
C03-T08__primary__full,C03,histogram_gradient_boosting,C03-T08,8,primary,,,,primary_candidate,blocked_pending_d005_acceptance
C03-T09__primary__full,C03,histogram_gradient_boosting,C03-T09,9,primary,,,,primary_candidate,blocked_pending_d005_acceptance
C03-T10__primary__full,C03,histogram_gradient_boosting,C03-T10,10,primary,,,,primary_candidate,blocked_pending_d005_acceptance
C03-T11__primary__full,C03,histogram_gradient_boosting,C03-T11,11,primary,,,,primary_candidate,blocked_pending_d005_acceptance
C03-T12__primary__full,C03,histogram_gradient_boosting,C03-T12,12,primary,,,,primary_candidate,blocked_pending_d005_acceptance
C03-T13__primary__full,C03,histogram_gradient_boosting,C03-T13,13,primary,,,,primary_candidate,blocked_pending_d005_acceptance
C03-T14__primary__full,C03,histogram_gradient_boosting,C03-T14,14,primary,,,,primary_candidate,blocked_pending_d005_acceptance
C03-T15__primary__full,C03,histogram_gradient_boosting,C03-T15,15,primary,,,,primary_candidate,blocked_pending_d005_acceptance
C03-T16__primary__full,C03,histogram_gradient_boosting,C03-T16,16,primary,,,,primary_candidate,blocked_pending_d005_acceptance
C03-T17__primary__full,C03,histogram_gradient_boosting,C03-T17,17,primary,,,,primary_candidate,blocked_pending_d005_acceptance
C03-T18__primary__full,C03,histogram_gradient_boosting,C03-T18,18,primary,,,,primary_candidate,blocked_pending_d005_acceptance
C03-T19__primary__full,C03,histogram_gradient_boosting,C03-T19,19,primary,,,,primary_candidate,blocked_pending_d005_acceptance
C03-T20__primary__full,C03,histogram_gradient_boosting,C03-T20,20,primary,,,,primary_candidate,blocked_pending_d005_acceptance
C03-T21__primary__full,C03,histogram_gradient_boosting,C03-T21,21,primary,,,,primary_candidate,blocked_pending_d005_acceptance
C03-T22__primary__full,C03,histogram_gradient_boosting,C03-T22,22,primary,,,,primary_candidate,blocked_pending_d005_acceptance
C03-T23__primary__full,C03,histogram_gradient_boosting,C03-T23,23,primary,,,,primary_candidate,blocked_pending_d005_acceptance
C03-T24__primary__full,C03,histogram_gradient_boosting,C03-T24,24,primary,,,,primary_candidate,blocked_pending_d005_acceptance
C03-T25__primary__full,C03,histogram_gradient_boosting,C03-T25,25,primary,,,,primary_candidate,blocked_pending_d005_acceptance
C03-T26__primary__full,C03,histogram_gradient_boosting,C03-T26,26,primary,,,,primary_candidate,blocked_pending_d005_acceptance
C03-T27__primary__full,C03,histogram_gradient_boosting,C03-T27,27,primary,,,,primary_candidate,blocked_pending_d005_acceptance
C03-T28__primary__full,C03,histogram_gradient_boosting,C03-T28,28,primary,,,,primary_candidate,blocked_pending_d005_acceptance
C03-T29__primary__full,C03,histogram_gradient_boosting,C03-T29,29,primary,,,,primary_candidate,blocked_pending_d005_acceptance
C03-T30__primary__full,C03,histogram_gradient_boosting,C03-T30,30,primary,,,,primary_candidate,blocked_pending_d005_acceptance
C04-T01__primary__full,C04,sparse_gaussian_process,C04-T01,1,primary,,,,primary_candidate,blocked_pending_d005_acceptance
C04-T02__primary__full,C04,sparse_gaussian_process,C04-T02,2,primary,,,,primary_candidate,blocked_pending_d005_acceptance
C04-T03__primary__full,C04,sparse_gaussian_process,C04-T03,3,primary,,,,primary_candidate,blocked_pending_d005_acceptance
C04-T04__primary__full,C04,sparse_gaussian_process,C04-T04,4,primary,,,,primary_candidate,blocked_pending_d005_acceptance
C04-T05__primary__full,C04,sparse_gaussian_process,C04-T05,5,primary,,,,primary_candidate,blocked_pending_d005_acceptance
C04-T06__primary__full,C04,sparse_gaussian_process,C04-T06,6,primary,,,,primary_candidate,blocked_pending_d005_acceptance
C04-T07__primary__full,C04,sparse_gaussian_process,C04-T07,7,primary,,,,primary_candidate,blocked_pending_d005_acceptance
C04-T08__primary__full,C04,sparse_gaussian_process,C04-T08,8,primary,,,,primary_candidate,blocked_pending_d005_acceptance
C04-T09__primary__full,C04,sparse_gaussian_process,C04-T09,9,primary,,,,primary_candidate,blocked_pending_d005_acceptance
C04-T10__primary__full,C04,sparse_gaussian_process,C04-T10,10,primary,,,,primary_candidate,blocked_pending_d005_acceptance
C04-T11__primary__full,C04,sparse_gaussian_process,C04-T11,11,primary,,,,primary_candidate,blocked_pending_d005_acceptance
C04-T12__primary__full,C04,sparse_gaussian_process,C04-T12,12,primary,,,,primary_candidate,blocked_pending_d005_acceptance
C04-T13__primary__full,C04,sparse_gaussian_process,C04-T13,13,primary,,,,primary_candidate,blocked_pending_d005_acceptance
C04-T14__primary__full,C04,sparse_gaussian_process,C04-T14,14,primary,,,,primary_candidate,blocked_pending_d005_acceptance
C04-T15__primary__full,C04,sparse_gaussian_process,C04-T15,15,primary,,,,primary_candidate,blocked_pending_d005_acceptance
C04-T16__primary__full,C04,sparse_gaussian_process,C04-T16,16,primary,,,,primary_candidate,blocked_pending_d005_acceptance
C04-T17__primary__full,C04,sparse_gaussian_process,C04-T17,17,primary,,,,primary_candidate,blocked_pending_d005_acceptance
C04-T18__primary__full,C04,sparse_gaussian_process,C04-T18,18,primary,,,,primary_candidate,blocked_pending_d005_acceptance
C04-T19__primary__full,C04,sparse_gaussian_process,C04-T19,19,primary,,,,primary_candidate,blocked_pending_d005_acceptance
C04-T20__primary__full,C04,sparse_gaussian_process,C04-T20,20,primary,,,,primary_candidate,blocked_pending_d005_acceptance
C04-T21__primary__full,C04,sparse_gaussian_process,C04-T21,21,primary,,,,primary_candidate,blocked_pending_d005_acceptance
C04-T22__primary__full,C04,sparse_gaussian_process,C04-T22,22,primary,,,,primary_candidate,blocked_pending_d005_acceptance
C04-T23__primary__full,C04,sparse_gaussian_process,C04-T23,23,primary,,,,primary_candidate,blocked_pending_d005_acceptance
C04-T24__primary__full,C04,sparse_gaussian_process,C04-T24,24,primary,,,,primary_candidate,blocked_pending_d005_acceptance
C04-T25__primary__full,C04,sparse_gaussian_process,C04-T25,25,primary,,,,primary_candidate,blocked_pending_d005_acceptance
C04-T26__primary__full,C04,sparse_gaussian_process,C04-T26,26,primary,,,,primary_candidate,blocked_pending_d005_acceptance
C04-T27__primary__full,C04,sparse_gaussian_process,C04-T27,27,primary,,,,primary_candidate,blocked_pending_d005_acceptance
C04-T28__primary__full,C04,sparse_gaussian_process,C04-T28,28,primary,,,,primary_candidate,blocked_pending_d005_acceptance
C04-T29__primary__full,C04,sparse_gaussian_process,C04-T29,29,primary,,,,primary_candidate,blocked_pending_d005_acceptance
C04-T30__primary__full,C04,sparse_gaussian_process,C04-T30,30,primary,,,,primary_candidate,blocked_pending_d005_acceptance
C05-T01__primary__full,C05,multilayer_perceptron,C05-T01,1,primary,,,,primary_candidate,blocked_pending_d005_acceptance
C05-T01__compressed_c05__128,C05,multilayer_perceptron,C05-T01,1,compressed_c05,128,4,4,interpretation_control_not_eligible_to_win,blocked_pending_d005_acceptance
C05-T02__primary__full,C05,multilayer_perceptron,C05-T02,2,primary,,,,primary_candidate,blocked_pending_d005_acceptance
C05-T02__compressed_c05__128,C05,multilayer_perceptron,C05-T02,2,compressed_c05,128,6,6,interpretation_control_not_eligible_to_win,blocked_pending_d005_acceptance
C05-T03__primary__full,C05,multilayer_perceptron,C05-T03,3,primary,,,,primary_candidate,blocked_pending_d005_acceptance
C05-T03__compressed_c05__128,C05,multilayer_perceptron,C05-T03,3,compressed_c05,128,8,8,interpretation_control_not_eligible_to_win,blocked_pending_d005_acceptance
C05-T04__primary__full,C05,multilayer_perceptron,C05-T04,4,primary,,,,primary_candidate,blocked_pending_d005_acceptance
C05-T04__compressed_c05__128,C05,multilayer_perceptron,C05-T04,4,compressed_c05,128,4,4,interpretation_control_not_eligible_to_win,blocked_pending_d005_acceptance
C05-T05__primary__full,C05,multilayer_perceptron,C05-T05,5,primary,,,,primary_candidate,blocked_pending_d005_acceptance
C05-T05__compressed_c05__128,C05,multilayer_perceptron,C05-T05,5,compressed_c05,128,6,6,interpretation_control_not_eligible_to_win,blocked_pending_d005_acceptance
C05-T06__primary__full,C05,multilayer_perceptron,C05-T06,6,primary,,,,primary_candidate,blocked_pending_d005_acceptance
C05-T06__compressed_c05__128,C05,multilayer_perceptron,C05-T06,6,compressed_c05,128,8,8,interpretation_control_not_eligible_to_win,blocked_pending_d005_acceptance
C05-T07__primary__full,C05,multilayer_perceptron,C05-T07,7,primary,,,,primary_candidate,blocked_pending_d005_acceptance
C05-T07__compressed_c05__128,C05,multilayer_perceptron,C05-T07,7,compressed_c05,128,4,4,interpretation_control_not_eligible_to_win,blocked_pending_d005_acceptance
C05-T08__primary__full,C05,multilayer_perceptron,C05-T08,8,primary,,,,primary_candidate,blocked_pending_d005_acceptance
C05-T08__compressed_c05__128,C05,multilayer_perceptron,C05-T08,8,compressed_c05,128,6,6,interpretation_control_not_eligible_to_win,blocked_pending_d005_acceptance
C05-T09__primary__full,C05,multilayer_perceptron,C05-T09,9,primary,,,,primary_candidate,blocked_pending_d005_acceptance
C05-T09__compressed_c05__128,C05,multilayer_perceptron,C05-T09,9,compressed_c05,128,8,8,interpretation_control_not_eligible_to_win,blocked_pending_d005_acceptance
C05-T10__primary__full,C05,multilayer_perceptron,C05-T10,10,primary,,,,primary_candidate,blocked_pending_d005_acceptance
C05-T10__compressed_c05__128,C05,multilayer_perceptron,C05-T10,10,compressed_c05,128,4,4,interpretation_control_not_eligible_to_win,blocked_pending_d005_acceptance
C05-T11__primary__full,C05,multilayer_perceptron,C05-T11,11,primary,,,,primary_candidate,blocked_pending_d005_acceptance
C05-T11__compressed_c05__128,C05,multilayer_perceptron,C05-T11,11,compressed_c05,128,6,6,interpretation_control_not_eligible_to_win,blocked_pending_d005_acceptance
C05-T12__primary__full,C05,multilayer_perceptron,C05-T12,12,primary,,,,primary_candidate,blocked_pending_d005_acceptance
C05-T12__compressed_c05__128,C05,multilayer_perceptron,C05-T12,12,compressed_c05,128,8,8,interpretation_control_not_eligible_to_win,blocked_pending_d005_acceptance
C05-T13__primary__full,C05,multilayer_perceptron,C05-T13,13,primary,,,,primary_candidate,blocked_pending_d005_acceptance
C05-T13__compressed_c05__128,C05,multilayer_perceptron,C05-T13,13,compressed_c05,128,4,4,interpretation_control_not_eligible_to_win,blocked_pending_d005_acceptance
C05-T14__primary__full,C05,multilayer_perceptron,C05-T14,14,primary,,,,primary_candidate,blocked_pending_d005_acceptance
C05-T14__compressed_c05__128,C05,multilayer_perceptron,C05-T14,14,compressed_c05,128,6,6,interpretation_control_not_eligible_to_win,blocked_pending_d005_acceptance
C05-T15__primary__full,C05,multilayer_perceptron,C05-T15,15,primary,,,,primary_candidate,blocked_pending_d005_acceptance
C05-T15__compressed_c05__128,C05,multilayer_perceptron,C05-T15,15,compressed_c05,128,8,8,interpretation_control_not_eligible_to_win,blocked_pending_d005_acceptance
C05-T16__primary__full,C05,multilayer_perceptron,C05-T16,16,primary,,,,primary_candidate,blocked_pending_d005_acceptance
C05-T16__compressed_c05__128,C05,multilayer_perceptron,C05-T16,16,compressed_c05,128,4,4,interpretation_control_not_eligible_to_win,blocked_pending_d005_acceptance
C05-T17__primary__full,C05,multilayer_perceptron,C05-T17,17,primary,,,,primary_candidate,blocked_pending_d005_acceptance
C05-T17__compressed_c05__128,C05,multilayer_perceptron,C05-T17,17,compressed_c05,128,6,6,interpretation_control_not_eligible_to_win,blocked_pending_d005_acceptance
C05-T18__primary__full,C05,multilayer_perceptron,C05-T18,18,primary,,,,primary_candidate,blocked_pending_d005_acceptance
C05-T18__compressed_c05__128,C05,multilayer_perceptron,C05-T18,18,compressed_c05,128,8,8,interpretation_control_not_eligible_to_win,blocked_pending_d005_acceptance
C05-T19__primary__full,C05,multilayer_perceptron,C05-T19,19,primary,,,,primary_candidate,blocked_pending_d005_acceptance
C05-T19__compressed_c05__128,C05,multilayer_perceptron,C05-T19,19,compressed_c05,128,4,4,interpretation_control_not_eligible_to_win,blocked_pending_d005_acceptance
C05-T20__primary__full,C05,multilayer_perceptron,C05-T20,20,primary,,,,primary_candidate,blocked_pending_d005_acceptance
C05-T20__compressed_c05__128,C05,multilayer_perceptron,C05-T20,20,compressed_c05,128,6,6,interpretation_control_not_eligible_to_win,blocked_pending_d005_acceptance
C05-T21__primary__full,C05,multilayer_perceptron,C05-T21,21,primary,,,,primary_candidate,blocked_pending_d005_acceptance
C05-T21__compressed_c05__128,C05,multilayer_perceptron,C05-T21,21,compressed_c05,128,8,8,interpretation_control_not_eligible_to_win,blocked_pending_d005_acceptance
C05-T22__primary__full,C05,multilayer_perceptron,C05-T22,22,primary,,,,primary_candidate,blocked_pending_d005_acceptance
C05-T22__compressed_c05__128,C05,multilayer_perceptron,C05-T22,22,compressed_c05,128,4,4,interpretation_control_not_eligible_to_win,blocked_pending_d005_acceptance
C05-T23__primary__full,C05,multilayer_perceptron,C05-T23,23,primary,,,,primary_candidate,blocked_pending_d005_acceptance
C05-T23__compressed_c05__128,C05,multilayer_perceptron,C05-T23,23,compressed_c05,128,6,6,interpretation_control_not_eligible_to_win,blocked_pending_d005_acceptance
C05-T24__primary__full,C05,multilayer_perceptron,C05-T24,24,primary,,,,primary_candidate,blocked_pending_d005_acceptance
C05-T24__compressed_c05__128,C05,multilayer_perceptron,C05-T24,24,compressed_c05,128,8,8,interpretation_control_not_eligible_to_win,blocked_pending_d005_acceptance
C05-T25__primary__full,C05,multilayer_perceptron,C05-T25,25,primary,,,,primary_candidate,blocked_pending_d005_acceptance
C05-T25__compressed_c05__128,C05,multilayer_perceptron,C05-T25,25,compressed_c05,128,4,4,interpretation_control_not_eligible_to_win,blocked_pending_d005_acceptance
C05-T26__primary__full,C05,multilayer_perceptron,C05-T26,26,primary,,,,primary_candidate,blocked_pending_d005_acceptance
C05-T26__compressed_c05__128,C05,multilayer_perceptron,C05-T26,26,compressed_c05,128,6,6,interpretation_control_not_eligible_to_win,blocked_pending_d005_acceptance
C05-T27__primary__full,C05,multilayer_perceptron,C05-T27,27,primary,,,,primary_candidate,blocked_pending_d005_acceptance
C05-T27__compressed_c05__128,C05,multilayer_perceptron,C05-T27,27,compressed_c05,128,8,8,interpretation_control_not_eligible_to_win,blocked_pending_d005_acceptance
C05-T28__primary__full,C05,multilayer_perceptron,C05-T28,28,primary,,,,primary_candidate,blocked_pending_d005_acceptance
C05-T28__compressed_c05__128,C05,multilayer_perceptron,C05-T28,28,compressed_c05,128,4,4,interpretation_control_not_eligible_to_win,blocked_pending_d005_acceptance
C05-T29__primary__full,C05,multilayer_perceptron,C05-T29,29,primary,,,,primary_candidate,blocked_pending_d005_acceptance
C05-T29__compressed_c05__128,C05,multilayer_perceptron,C05-T29,29,compressed_c05,128,6,6,interpretation_control_not_eligible_to_win,blocked_pending_d005_acceptance
C05-T30__primary__full,C05,multilayer_perceptron,C05-T30,30,primary,,,,primary_candidate,blocked_pending_d005_acceptance
C05-T30__compressed_c05__128,C05,multilayer_perceptron,C05-T30,30,compressed_c05,128,8,8,interpretation_control_not_eligible_to_win,blocked_pending_d005_acceptance
C06-T01__primary__full,C06,physics_residual,C06-T01,1,primary,,,,primary_candidate,blocked_pending_d005_acceptance
C06-T02__primary__full,C06,physics_residual,C06-T02,2,primary,,,,primary_candidate,blocked_pending_d005_acceptance
C06-T03__primary__full,C06,physics_residual,C06-T03,3,primary,,,,primary_candidate,blocked_pending_d005_acceptance
C06-T04__primary__full,C06,physics_residual,C06-T04,4,primary,,,,primary_candidate,blocked_pending_d005_acceptance
C06-T05__primary__full,C06,physics_residual,C06-T05,5,primary,,,,primary_candidate,blocked_pending_d005_acceptance
C06-T06__primary__full,C06,physics_residual,C06-T06,6,primary,,,,primary_candidate,blocked_pending_d005_acceptance
C06-T07__primary__full,C06,physics_residual,C06-T07,7,primary,,,,primary_candidate,blocked_pending_d005_acceptance
C06-T08__primary__full,C06,physics_residual,C06-T08,8,primary,,,,primary_candidate,blocked_pending_d005_acceptance
C06-T09__primary__full,C06,physics_residual,C06-T09,9,primary,,,,primary_candidate,blocked_pending_d005_acceptance
C06-T10__primary__full,C06,physics_residual,C06-T10,10,primary,,,,primary_candidate,blocked_pending_d005_acceptance
C06-T11__primary__full,C06,physics_residual,C06-T11,11,primary,,,,primary_candidate,blocked_pending_d005_acceptance
C06-T12__primary__full,C06,physics_residual,C06-T12,12,primary,,,,primary_candidate,blocked_pending_d005_acceptance
C06-T13__primary__full,C06,physics_residual,C06-T13,13,primary,,,,primary_candidate,blocked_pending_d005_acceptance
C06-T14__primary__full,C06,physics_residual,C06-T14,14,primary,,,,primary_candidate,blocked_pending_d005_acceptance
C06-T15__primary__full,C06,physics_residual,C06-T15,15,primary,,,,primary_candidate,blocked_pending_d005_acceptance
C06-T16__primary__full,C06,physics_residual,C06-T16,16,primary,,,,primary_candidate,blocked_pending_d005_acceptance
C06-T17__primary__full,C06,physics_residual,C06-T17,17,primary,,,,primary_candidate,blocked_pending_d005_acceptance
C06-T18__primary__full,C06,physics_residual,C06-T18,18,primary,,,,primary_candidate,blocked_pending_d005_acceptance
C06-T19__primary__full,C06,physics_residual,C06-T19,19,primary,,,,primary_candidate,blocked_pending_d005_acceptance
C06-T20__primary__full,C06,physics_residual,C06-T20,20,primary,,,,primary_candidate,blocked_pending_d005_acceptance
C06-T21__primary__full,C06,physics_residual,C06-T21,21,primary,,,,primary_candidate,blocked_pending_d005_acceptance
C06-T22__primary__full,C06,physics_residual,C06-T22,22,primary,,,,primary_candidate,blocked_pending_d005_acceptance
C06-T23__primary__full,C06,physics_residual,C06-T23,23,primary,,,,primary_candidate,blocked_pending_d005_acceptance
C06-T24__primary__full,C06,physics_residual,C06-T24,24,primary,,,,primary_candidate,blocked_pending_d005_acceptance
C06-T25__primary__full,C06,physics_residual,C06-T25,25,primary,,,,primary_candidate,blocked_pending_d005_acceptance
C06-T26__primary__full,C06,physics_residual,C06-T26,26,primary,,,,primary_candidate,blocked_pending_d005_acceptance
C06-T27__primary__full,C06,physics_residual,C06-T27,27,primary,,,,primary_candidate,blocked_pending_d005_acceptance
C06-T28__primary__full,C06,physics_residual,C06-T28,28,primary,,,,primary_candidate,blocked_pending_d005_acceptance
C06-T29__primary__full,C06,physics_residual,C06-T29,29,primary,,,,primary_candidate,blocked_pending_d005_acceptance
C06-T30__primary__full,C06,physics_residual,C06-T30,30,primary,,,,primary_candidate,blocked_pending_d005_acceptance
Q01-T01__primary__128,Q01,quantum_kernel,Q01-T01,1,primary,128,,4,primary_candidate,blocked_pending_d005_acceptance
Q01-T02__primary__128,Q01,quantum_kernel,Q01-T02,2,primary,128,,6,primary_candidate,blocked_pending_d005_acceptance
Q01-T03__primary__128,Q01,quantum_kernel,Q01-T03,3,primary,128,,8,primary_candidate,blocked_pending_d005_acceptance
Q01-T04__primary__128,Q01,quantum_kernel,Q01-T04,4,primary,128,,8,primary_candidate,blocked_pending_d005_acceptance
Q01-T05__primary__128,Q01,quantum_kernel,Q01-T05,5,primary,128,,6,primary_candidate,blocked_pending_d005_acceptance
Q01-T06__primary__128,Q01,quantum_kernel,Q01-T06,6,primary,128,,8,primary_candidate,blocked_pending_d005_acceptance
Q01-T07__primary__128,Q01,quantum_kernel,Q01-T07,7,primary,128,,4,primary_candidate,blocked_pending_d005_acceptance
Q01-T08__primary__128,Q01,quantum_kernel,Q01-T08,8,primary,128,,4,primary_candidate,blocked_pending_d005_acceptance
Q01-T09__primary__128,Q01,quantum_kernel,Q01-T09,9,primary,128,,8,primary_candidate,blocked_pending_d005_acceptance
Q01-T10__primary__128,Q01,quantum_kernel,Q01-T10,10,primary,128,,6,primary_candidate,blocked_pending_d005_acceptance
Q01-T11__primary__128,Q01,quantum_kernel,Q01-T11,11,primary,128,,6,primary_candidate,blocked_pending_d005_acceptance
Q01-T12__primary__128,Q01,quantum_kernel,Q01-T12,12,primary,128,,6,primary_candidate,blocked_pending_d005_acceptance
Q01-T13__primary__128,Q01,quantum_kernel,Q01-T13,13,primary,128,,8,primary_candidate,blocked_pending_d005_acceptance
Q01-T14__primary__128,Q01,quantum_kernel,Q01-T14,14,primary,128,,6,primary_candidate,blocked_pending_d005_acceptance
Q01-T15__primary__128,Q01,quantum_kernel,Q01-T15,15,primary,128,,4,primary_candidate,blocked_pending_d005_acceptance
Q01-T16__primary__128,Q01,quantum_kernel,Q01-T16,16,primary,128,,4,primary_candidate,blocked_pending_d005_acceptance
Q01-T17__primary__128,Q01,quantum_kernel,Q01-T17,17,primary,128,,4,primary_candidate,blocked_pending_d005_acceptance
Q01-T18__primary__128,Q01,quantum_kernel,Q01-T18,18,primary,128,,8,primary_candidate,blocked_pending_d005_acceptance
Q01-T19__primary__128,Q01,quantum_kernel,Q01-T19,19,primary,128,,8,primary_candidate,blocked_pending_d005_acceptance
Q01-T20__primary__128,Q01,quantum_kernel,Q01-T20,20,primary,128,,4,primary_candidate,blocked_pending_d005_acceptance
Q01-T21__primary__128,Q01,quantum_kernel,Q01-T21,21,primary,128,,8,primary_candidate,blocked_pending_d005_acceptance
Q01-T22__primary__128,Q01,quantum_kernel,Q01-T22,22,primary,128,,6,primary_candidate,blocked_pending_d005_acceptance
Q01-T23__primary__128,Q01,quantum_kernel,Q01-T23,23,primary,128,,4,primary_candidate,blocked_pending_d005_acceptance
Q01-T24__primary__128,Q01,quantum_kernel,Q01-T24,24,primary,128,,8,primary_candidate,blocked_pending_d005_acceptance
Q01-T25__primary__128,Q01,quantum_kernel,Q01-T25,25,primary,128,,4,primary_candidate,blocked_pending_d005_acceptance
Q01-T26__primary__128,Q01,quantum_kernel,Q01-T26,26,primary,128,,6,primary_candidate,blocked_pending_d005_acceptance
Q01-T27__primary__128,Q01,quantum_kernel,Q01-T27,27,primary,128,,8,primary_candidate,blocked_pending_d005_acceptance
Q01-T28__primary__128,Q01,quantum_kernel,Q01-T28,28,primary,128,,4,primary_candidate,blocked_pending_d005_acceptance
Q01-T29__primary__128,Q01,quantum_kernel,Q01-T29,29,primary,128,,8,primary_candidate,blocked_pending_d005_acceptance
Q01-T30__primary__128,Q01,quantum_kernel,Q01-T30,30,primary,128,,8,primary_candidate,blocked_pending_d005_acceptance
Q02-T01__primary__128,Q02,variational_quantum_regressor,Q02-T01,1,primary,128,,4,primary_candidate,blocked_pending_d005_acceptance
Q02-T02__primary__128,Q02,variational_quantum_regressor,Q02-T02,2,primary,128,,6,primary_candidate,blocked_pending_d005_acceptance
Q02-T03__primary__128,Q02,variational_quantum_regressor,Q02-T03,3,primary,128,,6,primary_candidate,blocked_pending_d005_acceptance
Q02-T04__primary__128,Q02,variational_quantum_regressor,Q02-T04,4,primary,128,,6,primary_candidate,blocked_pending_d005_acceptance
Q02-T05__primary__128,Q02,variational_quantum_regressor,Q02-T05,5,primary,128,,4,primary_candidate,blocked_pending_d005_acceptance
Q02-T06__primary__128,Q02,variational_quantum_regressor,Q02-T06,6,primary,128,,4,primary_candidate,blocked_pending_d005_acceptance
Q02-T07__primary__128,Q02,variational_quantum_regressor,Q02-T07,7,primary,128,,8,primary_candidate,blocked_pending_d005_acceptance
Q02-T08__primary__128,Q02,variational_quantum_regressor,Q02-T08,8,primary,128,,6,primary_candidate,blocked_pending_d005_acceptance
Q02-T09__primary__128,Q02,variational_quantum_regressor,Q02-T09,9,primary,128,,4,primary_candidate,blocked_pending_d005_acceptance
Q02-T10__primary__128,Q02,variational_quantum_regressor,Q02-T10,10,primary,128,,4,primary_candidate,blocked_pending_d005_acceptance
Q02-T11__primary__128,Q02,variational_quantum_regressor,Q02-T11,11,primary,128,,6,primary_candidate,blocked_pending_d005_acceptance
Q02-T12__primary__128,Q02,variational_quantum_regressor,Q02-T12,12,primary,128,,8,primary_candidate,blocked_pending_d005_acceptance
Q02-T13__primary__128,Q02,variational_quantum_regressor,Q02-T13,13,primary,128,,8,primary_candidate,blocked_pending_d005_acceptance
Q02-T14__primary__128,Q02,variational_quantum_regressor,Q02-T14,14,primary,128,,4,primary_candidate,blocked_pending_d005_acceptance
Q02-T15__primary__128,Q02,variational_quantum_regressor,Q02-T15,15,primary,128,,4,primary_candidate,blocked_pending_d005_acceptance
Q02-T16__primary__128,Q02,variational_quantum_regressor,Q02-T16,16,primary,128,,4,primary_candidate,blocked_pending_d005_acceptance
Q02-T17__primary__128,Q02,variational_quantum_regressor,Q02-T17,17,primary,128,,6,primary_candidate,blocked_pending_d005_acceptance
Q02-T18__primary__128,Q02,variational_quantum_regressor,Q02-T18,18,primary,128,,8,primary_candidate,blocked_pending_d005_acceptance
Q02-T19__primary__128,Q02,variational_quantum_regressor,Q02-T19,19,primary,128,,6,primary_candidate,blocked_pending_d005_acceptance
Q02-T20__primary__128,Q02,variational_quantum_regressor,Q02-T20,20,primary,128,,4,primary_candidate,blocked_pending_d005_acceptance
Q02-T21__primary__128,Q02,variational_quantum_regressor,Q02-T21,21,primary,128,,6,primary_candidate,blocked_pending_d005_acceptance
Q02-T22__primary__128,Q02,variational_quantum_regressor,Q02-T22,22,primary,128,,4,primary_candidate,blocked_pending_d005_acceptance
Q02-T23__primary__128,Q02,variational_quantum_regressor,Q02-T23,23,primary,128,,8,primary_candidate,blocked_pending_d005_acceptance
Q02-T24__primary__128,Q02,variational_quantum_regressor,Q02-T24,24,primary,128,,8,primary_candidate,blocked_pending_d005_acceptance
Q02-T25__primary__128,Q02,variational_quantum_regressor,Q02-T25,25,primary,128,,6,primary_candidate,blocked_pending_d005_acceptance
Q02-T26__primary__128,Q02,variational_quantum_regressor,Q02-T26,26,primary,128,,4,primary_candidate,blocked_pending_d005_acceptance
Q02-T27__primary__128,Q02,variational_quantum_regressor,Q02-T27,27,primary,128,,4,primary_candidate,blocked_pending_d005_acceptance
Q02-T28__primary__128,Q02,variational_quantum_regressor,Q02-T28,28,primary,128,,4,primary_candidate,blocked_pending_d005_acceptance
Q02-T29__primary__128,Q02,variational_quantum_regressor,Q02-T29,29,primary,128,,6,primary_candidate,blocked_pending_d005_acceptance
Q02-T30__primary__128,Q02,variational_quantum_regressor,Q02-T30,30,primary,128,,8,primary_candidate,blocked_pending_d005_acceptance
Q03-T01__primary__128,Q03,hybrid_quantum_residual,Q03-T01,1,primary,128,,8,primary_candidate,blocked_pending_d005_acceptance
Q03-T02__primary__128,Q03,hybrid_quantum_residual,Q03-T02,2,primary,128,,8,primary_candidate,blocked_pending_d005_acceptance
Q03-T03__primary__128,Q03,hybrid_quantum_residual,Q03-T03,3,primary,128,,6,primary_candidate,blocked_pending_d005_acceptance
Q03-T04__primary__128,Q03,hybrid_quantum_residual,Q03-T04,4,primary,128,,6,primary_candidate,blocked_pending_d005_acceptance
Q03-T05__primary__128,Q03,hybrid_quantum_residual,Q03-T05,5,primary,128,,4,primary_candidate,blocked_pending_d005_acceptance
Q03-T06__primary__128,Q03,hybrid_quantum_residual,Q03-T06,6,primary,128,,6,primary_candidate,blocked_pending_d005_acceptance
Q03-T07__primary__128,Q03,hybrid_quantum_residual,Q03-T07,7,primary,128,,8,primary_candidate,blocked_pending_d005_acceptance
Q03-T08__primary__128,Q03,hybrid_quantum_residual,Q03-T08,8,primary,128,,8,primary_candidate,blocked_pending_d005_acceptance
Q03-T09__primary__128,Q03,hybrid_quantum_residual,Q03-T09,9,primary,128,,6,primary_candidate,blocked_pending_d005_acceptance
Q03-T10__primary__128,Q03,hybrid_quantum_residual,Q03-T10,10,primary,128,,4,primary_candidate,blocked_pending_d005_acceptance
Q03-T11__primary__128,Q03,hybrid_quantum_residual,Q03-T11,11,primary,128,,4,primary_candidate,blocked_pending_d005_acceptance
Q03-T12__primary__128,Q03,hybrid_quantum_residual,Q03-T12,12,primary,128,,8,primary_candidate,blocked_pending_d005_acceptance
Q03-T13__primary__128,Q03,hybrid_quantum_residual,Q03-T13,13,primary,128,,4,primary_candidate,blocked_pending_d005_acceptance
Q03-T14__primary__128,Q03,hybrid_quantum_residual,Q03-T14,14,primary,128,,8,primary_candidate,blocked_pending_d005_acceptance
Q03-T15__primary__128,Q03,hybrid_quantum_residual,Q03-T15,15,primary,128,,4,primary_candidate,blocked_pending_d005_acceptance
Q03-T16__primary__128,Q03,hybrid_quantum_residual,Q03-T16,16,primary,128,,4,primary_candidate,blocked_pending_d005_acceptance
Q03-T17__primary__128,Q03,hybrid_quantum_residual,Q03-T17,17,primary,128,,6,primary_candidate,blocked_pending_d005_acceptance
Q03-T18__primary__128,Q03,hybrid_quantum_residual,Q03-T18,18,primary,128,,8,primary_candidate,blocked_pending_d005_acceptance
Q03-T19__primary__128,Q03,hybrid_quantum_residual,Q03-T19,19,primary,128,,4,primary_candidate,blocked_pending_d005_acceptance
Q03-T20__primary__128,Q03,hybrid_quantum_residual,Q03-T20,20,primary,128,,8,primary_candidate,blocked_pending_d005_acceptance
Q03-T21__primary__128,Q03,hybrid_quantum_residual,Q03-T21,21,primary,128,,6,primary_candidate,blocked_pending_d005_acceptance
Q03-T22__primary__128,Q03,hybrid_quantum_residual,Q03-T22,22,primary,128,,6,primary_candidate,blocked_pending_d005_acceptance
Q03-T23__primary__128,Q03,hybrid_quantum_residual,Q03-T23,23,primary,128,,4,primary_candidate,blocked_pending_d005_acceptance
Q03-T24__primary__128,Q03,hybrid_quantum_residual,Q03-T24,24,primary,128,,6,primary_candidate,blocked_pending_d005_acceptance
Q03-T25__primary__128,Q03,hybrid_quantum_residual,Q03-T25,25,primary,128,,4,primary_candidate,blocked_pending_d005_acceptance
Q03-T26__primary__128,Q03,hybrid_quantum_residual,Q03-T26,26,primary,128,,6,primary_candidate,blocked_pending_d005_acceptance
Q03-T27__primary__128,Q03,hybrid_quantum_residual,Q03-T27,27,primary,128,,8,primary_candidate,blocked_pending_d005_acceptance
Q03-T28__primary__128,Q03,hybrid_quantum_residual,Q03-T28,28,primary,128,,4,primary_candidate,blocked_pending_d005_acceptance
Q03-T29__primary__128,Q03,hybrid_quantum_residual,Q03-T29,29,primary,128,,6,primary_candidate,blocked_pending_d005_acceptance
Q03-T30__primary__128,Q03,hybrid_quantum_residual,Q03-T30,30,primary,128,,6,primary_candidate,blocked_pending_d005_acceptance
A01-T01__primary__128,A01,random_fourier_ridge,A01-T01,1,primary,128,4,4,interpretation_control_not_eligible_to_win,blocked_pending_d005_acceptance
A01-T02__primary__128,A01,random_fourier_ridge,A01-T02,2,primary,128,6,6,interpretation_control_not_eligible_to_win,blocked_pending_d005_acceptance
A01-T03__primary__128,A01,random_fourier_ridge,A01-T03,3,primary,128,8,8,interpretation_control_not_eligible_to_win,blocked_pending_d005_acceptance
A01-T04__primary__128,A01,random_fourier_ridge,A01-T04,4,primary,128,4,4,interpretation_control_not_eligible_to_win,blocked_pending_d005_acceptance
A01-T05__primary__128,A01,random_fourier_ridge,A01-T05,5,primary,128,6,6,interpretation_control_not_eligible_to_win,blocked_pending_d005_acceptance
A01-T06__primary__128,A01,random_fourier_ridge,A01-T06,6,primary,128,8,8,interpretation_control_not_eligible_to_win,blocked_pending_d005_acceptance
A01-T07__primary__128,A01,random_fourier_ridge,A01-T07,7,primary,128,4,4,interpretation_control_not_eligible_to_win,blocked_pending_d005_acceptance
A01-T08__primary__128,A01,random_fourier_ridge,A01-T08,8,primary,128,6,6,interpretation_control_not_eligible_to_win,blocked_pending_d005_acceptance
A01-T09__primary__128,A01,random_fourier_ridge,A01-T09,9,primary,128,8,8,interpretation_control_not_eligible_to_win,blocked_pending_d005_acceptance
A01-T10__primary__128,A01,random_fourier_ridge,A01-T10,10,primary,128,4,4,interpretation_control_not_eligible_to_win,blocked_pending_d005_acceptance
A01-T11__primary__128,A01,random_fourier_ridge,A01-T11,11,primary,128,6,6,interpretation_control_not_eligible_to_win,blocked_pending_d005_acceptance
A01-T12__primary__128,A01,random_fourier_ridge,A01-T12,12,primary,128,8,8,interpretation_control_not_eligible_to_win,blocked_pending_d005_acceptance
A01-T13__primary__128,A01,random_fourier_ridge,A01-T13,13,primary,128,4,4,interpretation_control_not_eligible_to_win,blocked_pending_d005_acceptance
A01-T14__primary__128,A01,random_fourier_ridge,A01-T14,14,primary,128,6,6,interpretation_control_not_eligible_to_win,blocked_pending_d005_acceptance
A01-T15__primary__128,A01,random_fourier_ridge,A01-T15,15,primary,128,8,8,interpretation_control_not_eligible_to_win,blocked_pending_d005_acceptance
A01-T16__primary__128,A01,random_fourier_ridge,A01-T16,16,primary,128,4,4,interpretation_control_not_eligible_to_win,blocked_pending_d005_acceptance
A01-T17__primary__128,A01,random_fourier_ridge,A01-T17,17,primary,128,6,6,interpretation_control_not_eligible_to_win,blocked_pending_d005_acceptance
A01-T18__primary__128,A01,random_fourier_ridge,A01-T18,18,primary,128,8,8,interpretation_control_not_eligible_to_win,blocked_pending_d005_acceptance
A01-T19__primary__128,A01,random_fourier_ridge,A01-T19,19,primary,128,4,4,interpretation_control_not_eligible_to_win,blocked_pending_d005_acceptance
A01-T20__primary__128,A01,random_fourier_ridge,A01-T20,20,primary,128,6,6,interpretation_control_not_eligible_to_win,blocked_pending_d005_acceptance
A01-T21__primary__128,A01,random_fourier_ridge,A01-T21,21,primary,128,8,8,interpretation_control_not_eligible_to_win,blocked_pending_d005_acceptance
A01-T22__primary__128,A01,random_fourier_ridge,A01-T22,22,primary,128,4,4,interpretation_control_not_eligible_to_win,blocked_pending_d005_acceptance
A01-T23__primary__128,A01,random_fourier_ridge,A01-T23,23,primary,128,6,6,interpretation_control_not_eligible_to_win,blocked_pending_d005_acceptance
A01-T24__primary__128,A01,random_fourier_ridge,A01-T24,24,primary,128,8,8,interpretation_control_not_eligible_to_win,blocked_pending_d005_acceptance
A01-T25__primary__128,A01,random_fourier_ridge,A01-T25,25,primary,128,4,4,interpretation_control_not_eligible_to_win,blocked_pending_d005_acceptance
A01-T26__primary__128,A01,random_fourier_ridge,A01-T26,26,primary,128,6,6,interpretation_control_not_eligible_to_win,blocked_pending_d005_acceptance
A01-T27__primary__128,A01,random_fourier_ridge,A01-T27,27,primary,128,8,8,interpretation_control_not_eligible_to_win,blocked_pending_d005_acceptance
A01-T28__primary__128,A01,random_fourier_ridge,A01-T28,28,primary,128,4,4,interpretation_control_not_eligible_to_win,blocked_pending_d005_acceptance
A01-T29__primary__128,A01,random_fourier_ridge,A01-T29,29,primary,128,6,6,interpretation_control_not_eligible_to_win,blocked_pending_d005_acceptance
A01-T30__primary__128,A01,random_fourier_ridge,A01-T30,30,primary,128,8,8,interpretation_control_not_eligible_to_win,blocked_pending_d005_acceptance
